{"cameraMode":{"drawMode":0,"name":"Shaded","section":"Shading Mode"},"sceneLighting":true,"audioPlay":false,"sceneViewState":{"m_AlwaysRefresh":false,"showFog":true,"showSkybox":false,"showFlares":true,"showImageEffects":true,"showParticleSystems":true,"showVisualEffectGraphs":true,"m_FxEnabled":true},"in2DMode":false,"pivot":{"x":0.6327816247940064,"y":-0.7028918862342835,"z":-0.3765898644924164},"rotation":{"x":-0.049622032791376117,"y":-0.9135993123054504,"z":0.1174071729183197,"w":-0.3861490786075592},"size":13.027717590332032,"orthographic":false}